,ClA,CdA,endurance_points,autocross_points,skidpad_points,accel_points,endurance_time,autocross_time,skidpad_time,accel_time,drag_energy (kWh),Mass Delta (kg)
0,0.0,0.5297099194131122,171.86895754288042,123.05763415656254,75.0,100.0,130.08500883153823,50.26368870915891,4.359746063124705,2.9735577674251674,0.9015,-25.79550524999999
