,ClA,CdA,points,endurance_time
0,[0. 5.],[0.7155 4.428 ],"[(158.27123197463035+2.2105128074363263j), 125, 75, 100]",(131.13124230237986-0.4208130342952787j)
1,[0. 5.],[0.7155 4.428 ],"[(175.55114507253387-2.2094292755884566j), 125, 75, 100]",(127.9222504732564+0.4002726003638898j)
