,endurance_points,autocross_points,skidpad_points,accel_points,endurance_time,autocross_time,skidpad_time,accel_time,cop_bias(%),cla_dist,cda_dist
0,210.14807232636335,125,75,100,1356.9852381621158,47.17485067087024,4.165289640278122,3.009932618196022,60.0,[165.2   288.434 546.366],[597.216 332.069  70.715]
