,cg_height,points,endurance_time
0,12.0,400.0,118.10717590829508
1,13.0,400.0,118.10717590829508
2,14.0,400.0,118.10717590829508
