,power_limit,points,times,endurance_battery_capacity
0,80000,"[239.27907390442402, 119.346389948954, 75, 90.74892168788053]","[118.69419157461944, 45.683613805798075, 4.145036840211286, 3.8131257411711443]",3359275.042737874
1,77000,"[236.89566937599267, 117.9128259203096, 75, 89.02171721037398]","[119.06280949391807, 45.85837312976528, 4.145036840211286, 3.8370296566959503]",3390913.0656587793
2,74000,"[236.8680027385853, 117.91084715598048, 75, 88.97291371211752]","[119.0671018661594, 45.85861527605511, 4.145036840211286, 3.8377094348550336]",3345832.674478956
